Message,Note,Velocity,Time
note_on,0,64,0
note_off,0,64,4824
note_on,0,64,0
note_off,0,64,321
note_off,0,64,4502
note_on,0,64,0
note_off,0,64,321
note_off,0,64,4502
note_on,0,64,0
note_off,0,64,964
note_off,0,64,3859
note_on,0,64,0
note_off,0,64,321
note_off,0,64,4502
note_on,0,64,0
note_off,0,64,1608
note_off,0,64,3216
note_on,0,64,0
note_off,0,64,964
note_off,0,64,3859
note_on,0,64,0
note_off,0,64,321
note_off,0,64,4502
note_on,0,64,0
note_off,0,64,321
note_off,0,64,4502
note_on,0,64,0
note_off,0,64,964
note_off,0,64,3859
note_on,0,64,0
note_off,0,64,1608
note_off,0,64,3216
note_on,0,64,0
note_off,0,64,321
note_off,0,64,4502
note_on,0,64,0
note_off,0,64,964
note_off,0,64,3859
note_on,0,64,0
note_off,0,64,321
note_off,0,64,4502
note_on,0,64,0
note_off,0,64,321
